branch,status,ahead,behind,changed_file_count
agent/antisovetov-title-suffix-20260818,diverged,1,1099,1
agent/app-integration-zero-debt-20260820,diverged,2,1056,8
agent/atlas-focus-format-helper-20260907,diverged,13,1004,2
agent/atlas-focus-recovery-helper-20260907,diverged,5,1004,3
agent/bible-app-deep-playwright-audit-20260819,diverged,6,1069,3
agent/bible-app-deep-playwright-r2-20260819,diverged,2,1068,4
agent/deploy-pages-pin-refresh-helper-20260907,diverged,6,974,0
agent/deps-security-lock-refresh-20260907,diverged,8,1006,3
arena/01a02907-gb-is-my-strength,diverged,2,1030,0
arena/01a09bdc-gb-is-my-strength,diverged,16,174,74
arena/01a0a1b2-gb-is-my-strength,diverged,18,166,73
arena/01a0a1b4-gb-is-my-strength,diverged,4,164,9
arena/01a0a1ce-gb-is-my-strength,diverged,7,165,152
arena/01a0a73b-gb-is-my-strength,diverged,9,78,13
article/teen-double-life-adult-child-return,diverged,2,713,1
article/teen-double-life-adulthood-parental-authority,diverged,2,713,1
article/teen-double-life-daughter-father-marriage,diverged,5,713,1
article/teen-double-life-house-money-consequences,diverged,3,713,1
article/teen-double-life-part-1,diverged,20,713,1
article/teen-double-life-part-2,diverged,16,713,1
article/teen-double-life-part-3,diverged,9,713,1
audit/baptisty-total-production-audit-20260911,diverged,2,520,1
book/ch06-kargel-source-to-claim,diverged,10,644,9
book/ch07-mazaev-prokhanov-research,diverged,18,644,4
book/ch07-mazaev-prokhanov-research-v2,diverged,2,1021,2
book/ch08-print-republic-research,diverged,9,644,4
book/ch09-fetler-house-gospel-research,diverged,5,644,4
book/ch10-1917-1921-research,diverged,6,644,4
book/ch11-famine-international-brotherhood-research,diverged,6,644,5
book/ch12-school-bible-failed-unity-research,diverged,6,644,5
book/ch13-conscience-army-state-research,diverged,5,629,4
book/ch14-1929-law-church-life-research,diverged,7,629,4
book/ch15-1930s-unions-great-terror-research,diverged,7,629,4
book/ch16-war-1944-union-research,diverged,5,629,3
book/ch17-vsehb-1945-1959-research,behind,0,639,0
book/ch20-international-1991-memory-research,diverged,12,629,11
book/iniciativnaya-gruppa-golden-chapter,diverged,6,610,4
book/podpolnaya-pechat-golden-chapter,diverged,5,644,3
book/vsehib-1944-golden-chapter,diverged,4,610,3
chore/genealogy-editorial-proof-closure,diverged,1,63,2
ci/exclude-baptisty-research-render-checks-20260911,diverged,4,532,3
codex/baptisty-book-authority-v2-check,behind,0,1055,0
codex/baptisty-book-authority-v2-check2,behind,0,1054,0
codex/baptisty-book-authority-v2-check3,behind,0,1054,0
codex/baptisty-spravochnik-evidence-language,diverged,5,1044,5
content/apostasy-bible-study,ahead,1,0,1
content/baptisty-iniciativnaya-gruppa-golden-body-20260912-g1,diverged,1,391,1
content/baptisty-iniciativnaya-gruppa-golden-body-20260912-g2,diverged,1,384,1
dependabot/npm_and_yarn/npm-non-major-92ac384687,ahead,1,0,2
deps/npm-non-major-20260906-r2,diverged,4,1006,3
feat/baptist-authentic-media-composition-20260912,diverged,2,189,47
feat/baptisty-visual-atlas-rb02-20260912-stage,behind,0,315,0
feat/baptisty-visual-atlas-rb06-20260912-stage,behind,0,308,0
feat/baptisty-visual-atlas-rb08-20260912-stage,behind,0,315,0
feat/genealogy-publishable-runtime,diverged,6,108,6
feat/genealogy-relationship-inspector,diverged,16,108,10
feat/genealogy-v2-textual-assertions,behind,0,108,0
feature/journal-g3-foundation-20260909,behind,0,703,0
fix/baptisty-kura-delyakov-quote-hold-20260911,diverged,1,520,1
fix/baptisty-retire-transport-meta-batch2-20260911,diverged,7,527,7
fix/baptisty-samizdat-contrast-20260911,diverged,1,524,1
fix/baptisty-source-provenance-polish-20260911,diverged,6,520,6
fix/baptisty-visible-date-semantics-20260911,diverged,10,520,10
fix/biografii-recent-heading-20260818,diverged,2,1099,2
fix/ci-notifier-policy-reconciliation-20260819,behind,0,1066,0
fix/cloudflare-nosniff-transport-owner-20260909,diverged,5,686,4
fix/deploy-pages-pin-authority-20260907,diverged,2,974,4
fix/deploy-pages-pin-authority-r2-20260907,diverged,1,965,4
fix/genealogy-contract-publishable-fixture,diverged,5,100,5
fix/genealogy-contract-publishable-main-v2,diverged,5,99,5
fix/genealogy-contract-publishable-main-v3,diverged,5,96,5
fix/genealogy-department-shell,diverged,25,97,14
fix/genealogy-department-shell-main-v2,diverged,9,79,14
fix/genealogy-department-shell-main-v3,diverged,12,75,8
fix/genealogy-department-shell-main-v4,diverged,10,75,8
fix/genealogy-department-shell-main-v5,behind,0,69,0
fix/genealogy-edge-annotation-contract,diverged,3,100,3
fix/genealogy-edge-annotation-main-v2,diverged,3,99,3
fix/genealogy-fallback-theme-contract,diverged,9,67,4
fix/genealogy-person-dossier-family-nav,diverged,29,97,14
fix/genealogy-person-dossier-family-nav-main-v2,diverged,11,79,14
fix/genealogy-person-dossier-family-nav-main-v3,diverged,14,75,8
fix/genealogy-person-dossier-family-nav-main-v4,diverged,15,75,8
fix/genealogy-person-dossier-family-nav-main-v5,behind,0,68,0
fix/genealogy-person-relations-access,diverged,39,107,15
fix/genealogy-person-relations-access-main-v4,diverged,8,79,14
fix/genealogy-person-relations-access-main-v5,diverged,8,75,8
fix/genealogy-person-relations-access-main-v6,diverged,8,75,8
fix/genealogy-person-relations-access-main-v7,behind,0,70,0
fix/genealogy-person-relations-access-v2,diverged,38,107,15
fix/genealogy-person-relations-access-v3,diverged,23,97,14
fix/genealogy-publishable-runtime,diverged,6,108,6
fix/genealogy-publishable-runtime-v2,diverged,6,107,6
fix/genealogy-relation-confidence-localization,diverged,1,67,1
fix/genealogy-relation-evidence-triage,diverged,17,107,12
fix/genealogy-relation-evidence-triage-main-v3,diverged,2,79,11
fix/genealogy-relation-evidence-triage-main-v4,diverged,1,75,2
fix/genealogy-relation-evidence-triage-main-v5,diverged,1,74,2
fix/genealogy-relation-evidence-triage-main-v6,diverged,1,72,2
fix/genealogy-relation-evidence-triage-v2,diverged,11,97,11
fix/genealogy-relationship-inspector,diverged,16,108,10
fix/genealogy-relationship-inspector-main-v2,diverged,9,97,9
fix/genealogy-relationship-inspector-main-v3,diverged,1,79,9
fix/genealogy-relationship-inspector-v2,diverged,15,107,10
fix/genealogy-remove-legacy-runtime-import,diverged,2,100,2
fix/genealogy-search-disambiguation,diverged,28,107,11
fix/genealogy-search-disambiguation-main-v2,diverged,13,97,10
fix/genealogy-search-disambiguation-main-v3,diverged,7,79,10
fix/genealogy-search-disambiguation-main-v4,diverged,3,75,4
fix/genealogy-search-disambiguation-v2,diverged,13,97,10
fix/genealogy-site-theme-contract,diverged,34,107,15
fix/genealogy-site-theme-contract-main-v4,diverged,5,79,14
fix/genealogy-site-theme-contract-main-v5,diverged,5,75,8
fix/genealogy-site-theme-contract-main-v6,diverged,5,75,8
fix/genealogy-site-theme-contract-main-v7,behind,0,71,0
fix/genealogy-site-theme-contract-v2,diverged,32,107,15
fix/genealogy-site-theme-contract-v3,diverged,19,97,14
fix/home-resume-readerstate-owner-20260906,diverged,1,1020,6
fix/map-engine-capability-runtime-v1,diverged,3,126,13
fix/native-article-capabilities-20260820,behind,0,1063,0
fix/npm-non-major-security-20260907,diverged,5,1006,3
fix/series-taxonomy-projection-20260911,diverged,1,528,7
fix/teen-series-quality-20260911,behind,0,524,0
fix/tts-route-trigger-coverage-20260912,behind,0,402,0
genealogy/editorial-direct-name-batch-20260924,ahead,3,0,5
integration/pastor-core-composition-20260915,behind,0,97,0
integration/reader-polish-01a0a73b,diverged,2,67,15
integration/reader-polish-final-20260917,diverged,4,26,92
integration/reader-runtime-composition-20260915,behind,0,109,0
lane/baptist-utf8-repair-20260913,diverged,10,183,10
lane/baptisty-book-production-status-20260906,diverged,2,644,1
lane/baptisty-petersburg-deepening-20260902,diverged,10,610,2
lane/journal-editorial-architecture-20260907,diverged,2,921,2
lane/metadata-reconcile-diotrophes-wave12-20260908,diverged,1,768,1
lane/metadata-reconcile-heart-bookends-20260908,diverged,5,820,3
lane/metadata-reconcile-novoe-serdce-20260908,diverged,4,820,2
lane/metadata-reconcile-serdce-i-duh-20260908,diverged,6,820,4
lane/metadata-reconcile-tma-pr518-20260908,diverged,6,768,1
lane/metadata-review-decision-rimlyanam7-20260908,diverged,1,751,1
lane/metadata-standalone-three-reconciliation-20260908,diverged,1,736,1
lane/pastor-series-content-clearance-ii-ix-20260908,diverged,5,760,12
lane/pastor-series-part-ix-terminology-claim-map-20260908,diverged,2,820,2
lane/pastor-series-part-v-ecclesiology-source-20260908,diverged,2,851,2
lane/pastor-series-part-vi-source-exegesis-20260908,diverged,2,851,2
lane/pastor-series-part-vii-claim-map-20260908,diverged,2,851,2
lane/pastor-series-part-viii-prudential-source-map-20260908,diverged,2,849,2
lane/pastor-series-source-reconciliation-20260907,diverged,1,940,1
lane/reader-menu-focus-witness-20260907,behind,0,921,0
lane/security-meta-debt-baptist-noch-na-kure-20260909,diverged,6,629,1
lane/security-meta-debt-gill-pageheads-20260910,diverged,1,644,1
lane/security-meta-debt-nagornaya-b1-20260909,behind,0,695,0
lane/security-netlify-transport-owner-20260908,behind,0,734,0
lane/security-ownership-current-20260908,diverged,4,719,5
lane/system-fragmented-security-ownership-20260907,diverged,5,940,5
lane/system-fragmented-security-ownership-v2-20260907,diverged,6,733,5
lane/teen-core-content-clearance-20260908,diverged,1,719,1
polish/teen-series-quality-20260911,behind,0,512,0
reconcile/baptist-ch01-authority-salvage-20260924,diverged,1,5,1
reconcile/baptisty-book-status-20260911,diverged,1,520,1
reconcile/baptisty-media-recovery-20260911,diverged,1,520,1
reconcile/ch01-pre-baptist-origins-research-20260911,diverged,3,524,1
reconcile/ch06-kargel-research-20260911,diverged,11,535,9
reconcile/ch07-mazaev-prokhanov-research-20260911,diverged,19,535,4
reconcile/ch08-print-republic-research-20260911,diverged,10,535,4
reconcile/ch09-fetler-house-gospel-research-20260911,diverged,6,535,4
reconcile/ch10-1917-1921-research-20260911,diverged,7,535,4
reconcile/ch11-famine-international-brotherhood-research-20260911,diverged,7,535,5
reconcile/ch12-school-bible-failed-unity-research-20260911,diverged,7,535,5
reconcile/ch13-conscience-army-state-research-20260911,diverged,6,535,4
reconcile/ch14-1929-law-church-life-research-20260911,diverged,8,535,4
reconcile/ch14-1929-law-church-life-research-20260911-g2,diverged,4,462,4
reconcile/ch14-1929-law-church-life-research-20260911-g3,diverged,4,461,4
reconcile/ch15-1930s-unions-great-terror-research-20260911,diverged,8,535,4
reconcile/ch15-1930s-unions-great-terror-research-20260911-g2,diverged,4,454,4
reconcile/ch16-war-1944-union-research-20260911,diverged,6,535,3
reconcile/ch20-international-1991-memory-research-20260911,diverged,13,535,11
reconcile/security-baptist-kura-nosniff-meta-20260911,diverged,7,535,1
reconcile/security-gill-nosniff-meta-20260911,diverged,2,535,1
refactor/karty-publication-ssot,diverged,62,165,31
refactor/map-engine-route-bootstrap,diverged,27,165,16
refactor/map-engine-shared-bootstrap-v2,diverged,11,132,22
repair/antisovetov-title-suffix-20260906,diverged,1,1019,1
repair/app-dual-cta-browser-witness-20260906,behind,0,1024,0
repair/dist-css-astro-admission-20260819,diverged,2,1078,1
repair/engine-contracts-current-20260819,diverged,1,1068,2
repair/remove-should-not-create-20260906,diverged,1,1018,1
repair/restore-failure-notifier-contract-20260819,diverged,1,1066,1
repair/retired-notifier-policy-20260819,diverged,1,1066,7
repair/source-surface-audit-completeness-20260906,diverged,1,1006,3
repair/tts-sharedworker-client-lifecycle-20260906,behind,0,979,0
repair/wire-engine-contracts-20260819,diverged,1,1091,1
rights/tmsj-current-translation-20260906,behind,0,1019,0
sync/metadata-1873-main-a0d45c13-20260908,behind,0,775,0
sync/metadata-main-cd7d1ca8-20260908,behind,0,812,0
sync/security-meta-debt-nagornaya-support-1943,behind,0,690,0
system/journal-production-promotion-20260910,behind,0,625,0
system/mapengine-runtime-repair,diverged,2,174,5
system/sinai-coast-authority,diverged,1,174,3
tmp-do-not-use-1949-sync,behind,0,646,0
tmp-noop,diverged,7,1016,4
tmp-unused,behind,0,1020,0
tmp/noop-check,behind,0,623,0
tmp/noop-check-retired,behind,0,623,0
tmp/teen-closure-staging-20260910,behind,0,567,0
